-- MySQL dump 10.14  Distrib 5.5.52-MariaDB, for Linux (x86_64)
--
-- Host: services    Database: todo
-- ------------------------------------------------------
-- Server version	5.5.52-MariaDB

/*!40101 SET @OLD_CHARACTER_SET_CLIENT=@@CHARACTER_SET_CLIENT */;
/*!40101 SET @OLD_CHARACTER_SET_RESULTS=@@CHARACTER_SET_RESULTS */;
/*!40101 SET @OLD_COLLATION_CONNECTION=@@COLLATION_CONNECTION */;
/*!40101 SET NAMES utf8 */;
/*!40103 SET @OLD_TIME_ZONE=@@TIME_ZONE */;
/*!40103 SET TIME_ZONE='+00:00' */;
/*!40014 SET @OLD_UNIQUE_CHECKS=@@UNIQUE_CHECKS, UNIQUE_CHECKS=0 */;
/*!40014 SET @OLD_FOREIGN_KEY_CHECKS=@@FOREIGN_KEY_CHECKS, FOREIGN_KEY_CHECKS=0 */;
/*!40101 SET @OLD_SQL_MODE=@@SQL_MODE, SQL_MODE='NO_AUTO_VALUE_ON_ZERO' */;
/*!40111 SET @OLD_SQL_NOTES=@@SQL_NOTES, SQL_NOTES=0 */;

--
-- Table structure for table `Email`
--

USE todo;

DROP TABLE IF EXISTS `Email`;
/*!40101 SET @saved_cs_client     = @@character_set_client */;
/*!40101 SET character_set_client = utf8 */;
CREATE TABLE `Email` (
  `id` bigint(20) NOT NULL AUTO_INCREMENT,
  `address` varchar(255) DEFAULT NULL,
  PRIMARY KEY (`id`)
) ENGINE=InnoDB AUTO_INCREMENT=10 DEFAULT CHARSET=latin1;
/*!40101 SET character_set_client = @saved_cs_client */;

--
-- Dumping data for table `Email`
--

LOCK TABLES `Email` WRITE;
/*!40000 ALTER TABLE `Email` DISABLE KEYS */;
INSERT INTO `Email` VALUES (1,'development@example.com'),(2,'admin@example.com'),(3,'sales@example.com'),(4,'research@example.com'),(5,'ceo@example.com'),(6,'problems@example.com'),(7,'help-desk@example.com'),(8,'hr@example.com'),(9,'supplies@example.com');
/*!40000 ALTER TABLE `Email` ENABLE KEYS */;
UNLOCK TABLES;

--
-- Table structure for table `User`
--

DROP TABLE IF EXISTS `User`;
/*!40101 SET @saved_cs_client     = @@character_set_client */;
/*!40101 SET character_set_client = utf8 */;
CREATE TABLE `User` (
  `id` bigint(20) NOT NULL AUTO_INCREMENT,
  `name` varchar(255) DEFAULT NULL,
  `emailID` bigint(20) DEFAULT NULL,
  `groupID` bigint(20) DEFAULT NULL,
  PRIMARY KEY (`id`),
  KEY `FK4ac5lo10mt8w444x6qyag7noi` (`emailID`),
  KEY `FKqw2hxxa638ygi29htecfitk9j` (`groupID`),
  CONSTRAINT `FKqw2hxxa638ygi29htecfitk9j` FOREIGN KEY (`groupID`) REFERENCES `UserGroup` (`id`),
  CONSTRAINT `FK4ac5lo10mt8w444x6qyag7noi` FOREIGN KEY (`emailID`) REFERENCES `Email` (`id`)
) ENGINE=InnoDB AUTO_INCREMENT=10 DEFAULT CHARSET=latin1;
/*!40101 SET character_set_client = @saved_cs_client */;

--
-- Dumping data for table `User`
--

LOCK TABLES `User` WRITE;
/*!40000 ALTER TABLE `User` DISABLE KEYS */;
INSERT INTO `User` (`id`,`name`,`emailID`,`groupID`) VALUES (1,'William',1,1),(2,'Rose',2,1),(3,'Pat',3,1),(4,'Rodney',4,2),(5,'Kim',5,2),(6,'Tom',6,2),(7,'Matt',7,3),(8,'George',8,3),(9,'Jean',9,3);
/*!40000 ALTER TABLE `User` ENABLE KEYS */;
UNLOCK TABLES;

--
-- Table structure for table `UserGroup`
--

DROP TABLE IF EXISTS `UserGroup`;
/*!40101 SET @saved_cs_client     = @@character_set_client */;
/*!40101 SET character_set_client = utf8 */;
CREATE TABLE `UserGroup` (
  `id` bigint(20) NOT NULL AUTO_INCREMENT,
  `name` varchar(255) DEFAULT NULL,
  PRIMARY KEY (`id`)
) ENGINE=InnoDB AUTO_INCREMENT=4 DEFAULT CHARSET=latin1;
/*!40101 SET character_set_client = @saved_cs_client */;

--
-- Dumping data for table `UserGroup`
--

LOCK TABLES `UserGroup` WRITE;
/*!40000 ALTER TABLE `UserGroup` DISABLE KEYS */;
INSERT INTO `UserGroup` VALUES (1,'dev'),(2,'qa'),(3,'stage');
/*!40000 ALTER TABLE `UserGroup` ENABLE KEYS */;
UNLOCK TABLES;
/*!40103 SET TIME_ZONE=@OLD_TIME_ZONE */;

/*!40101 SET SQL_MODE=@OLD_SQL_MODE */;
/*!40014 SET FOREIGN_KEY_CHECKS=@OLD_FOREIGN_KEY_CHECKS */;
/*!40014 SET UNIQUE_CHECKS=@OLD_UNIQUE_CHECKS */;
/*!40101 SET CHARACTER_SET_CLIENT=@OLD_CHARACTER_SET_CLIENT */;
/*!40101 SET CHARACTER_SET_RESULTS=@OLD_CHARACTER_SET_RESULTS */;
/*!40101 SET COLLATION_CONNECTION=@OLD_COLLATION_CONNECTION */;
/*!40111 SET SQL_NOTES=@OLD_SQL_NOTES */;

-- Dump completed on 2017-10-06  8:57:43
